<?xml version="1.0" encoding="UTF-8"?>
<project-private xmlns="http://www.netbeans.org/ns/project-private/1">
    <editor-bookmarks xmlns="http://www.netbeans.org/ns/editor-bookmarks/2" lastBookmarkId="0"/>
    <open-files xmlns="http://www.netbeans.org/ns/projectui-open-files/2">
        <group>
            <file>file:/C:/Users/smshu/OneDrive/Documents/NetBeansProjects/bank%20management%20syste/src/bank/management/syste/SignupOne.java</file>
            <file>file:/C:/Users/smshu/OneDrive/Documents/NetBeansProjects/bank%20management%20syste/src/bank/management/syste/Login.java</file>
            <file>file:/C:/Users/smshu/OneDrive/Documents/NetBeansProjects/bank%20management%20syste/src/bank/management/syste/SignupTow.java</file>
        </group>
    </open-files>
</project-private>
